510218,Among Us
498638,Anno 1800
511224,Apex Legends
511746,Back 4 Blood
386821,Black Desert Online
1820173024,Blankos Block Party
498523,Conqueror's Blade
27101,Crossfire
492113,Crossout
489956,Crowfall
1788326126,Diablo II: Resurrected
488634,Don't Starve Together
29595,Dota 2
513558,DwarfHeim
500907,ELYON
505257,Enlisted
491931,Escape from Tarkov
512864,Eternal Return
518204,FIFA 21
1869092879,FIFA 22
504798,FIFA Online 4
516513,FUSER
518692,Far Cry 6
515486,First Class Trouble
491117,Fishing Planet
490382,For Honor
33214,Fortnite
1041038203,GangV: Battle Royale
14333696,Goose Goose Duck
493217,Gwent: The Witcher Card Game
514071,HUMANKIND
138585,Hearthstone
519108,Hood: Outlaws & Legends
516316,Infestation: Battle Royale
66432,Infestation: Survivor Stories
491289,Infestation: The New Z
483809063,Iron Conflict
1924769596,Knockout City
508391,Krunker
21779,League of Legends
514858,League of Legends: Wild Rift
514790,Legends of Runeterra
512182,Lemnis Gate
1160459167,MLB The Show 21
966064811,Madden NFL 22
509511,Marbles On Stream
516915,Mortal Shell
805842275,Myth of Empires
515474,Naraka: Bladepoint
493597,New World
458781,No Man's Sky
1886157643,Out of the Park Baseball 22
518847,Overcooked! All You Can Eat
488552,Overwatch
493057,PUBG: BATTLEGROUNDS
491115,Paladins
29307,Path of Exile
1812167143,Phantom Abyss
512898,Project Genesis
518699,Rex.io
519559,Riders Republic
30921,Rocket League
514194,Rogue Company
263490,Rust
32507,SMITE
517476,Sabotaj
490377,Sea of Thieves
513252,Sector's Edge
510074,Skydome
509663,Special Events
511230,Stream Raiders
497118,The Crew 2
65654,The Elder Scrolls Online
460630,Tom Clancy's Rainbow Six Siege
412756,Trove
516575,VALORANT
461427,WWE SuperCard
66366,War Thunder
66170,Warframe
27546,World of Tanks
32502,World of Warships
494531,XERA: Survival
1618840991,Zenith: The Last City
